<metadata xml:lang="en"><Esri><CreaDate>20230123</CreaDate><CreaTime>23451700</CreaTime><ArcGISFormat>1.0</ArcGISFormat><SyncOnce>FALSE</SyncOnce><DataProperties><itemProps><itemName Sync="TRUE">HC2023_CensusSubTracts_CountTotals_FS_221489</itemName><imsContentType Sync="TRUE">002</imsContentType><itemSize Sync="TRUE">0.000</itemSize><itemLocation><linkage Sync="TRUE">file://\\L1IT5226\C$\Users\williams\Documents\ArcGIS Projects Local\MISC FS Requests\Shapefiles\Shapefiles to Share\HC 2023 Totals by Census Sub Tract FS 221489\HC2023_CensusSubTracts_CountTotals_FS_221489.shp</linkage><protocol Sync="TRUE">Local Area Network</protocol></itemLocation></itemProps><coordRef><type Sync="TRUE">Projected</type><geogcsn Sync="TRUE">GCS_WGS_1984</geogcsn><csUnits Sync="TRUE">Linear Unit: Meter (1.000000)</csUnits><peXml Sync="TRUE">&lt;ProjectedCoordinateSystem xsi:type='typens:ProjectedCoordinateSystem' xmlns:xsi='http://www.w3.org/2001/XMLSchema-instance' xmlns:xs='http://www.w3.org/2001/XMLSchema' xmlns:typens='http://www.esri.com/schemas/ArcGIS/3.4.0'&gt;&lt;WKT&gt;PROJCS[&amp;quot;WGS_1984_Web_Mercator_Auxiliary_Sphere&amp;quot;,GEOGCS[&amp;quot;GCS_WGS_1984&amp;quot;,DATUM[&amp;quot;D_WGS_1984&amp;quot;,SPHEROID[&amp;quot;WGS_1984&amp;quot;,6378137.0,298.257223563]],PRIMEM[&amp;quot;Greenwich&amp;quot;,0.0],UNIT[&amp;quot;Degree&amp;quot;,0.0174532925199433]],PROJECTION[&amp;quot;Mercator_Auxiliary_Sphere&amp;quot;],PARAMETER[&amp;quot;False_Easting&amp;quot;,0.0],PARAMETER[&amp;quot;False_Northing&amp;quot;,0.0],PARAMETER[&amp;quot;Central_Meridian&amp;quot;,0.0],PARAMETER[&amp;quot;Standard_Parallel_1&amp;quot;,0.0],PARAMETER[&amp;quot;Auxiliary_Sphere_Type&amp;quot;,0.0],UNIT[&amp;quot;Meter&amp;quot;,1.0],AUTHORITY[&amp;quot;EPSG&amp;quot;,3857]]&lt;/WKT&gt;&lt;XOrigin&gt;-20037700&lt;/XOrigin&gt;&lt;YOrigin&gt;-30241100&lt;/YOrigin&gt;&lt;XYScale&gt;148923141.92838538&lt;/XYScale&gt;&lt;ZOrigin&gt;-100000&lt;/ZOrigin&gt;&lt;ZScale&gt;10000&lt;/ZScale&gt;&lt;MOrigin&gt;-100000&lt;/MOrigin&gt;&lt;MScale&gt;10000&lt;/MScale&gt;&lt;XYTolerance&gt;0.001&lt;/XYTolerance&gt;&lt;ZTolerance&gt;0.001&lt;/ZTolerance&gt;&lt;MTolerance&gt;0.001&lt;/MTolerance&gt;&lt;HighPrecision&gt;true&lt;/HighPrecision&gt;&lt;WKID&gt;102100&lt;/WKID&gt;&lt;LatestWKID&gt;3857&lt;/LatestWKID&gt;&lt;/ProjectedCoordinateSystem&gt;</peXml><projcsn Sync="TRUE">WGS_1984_Web_Mercator_Auxiliary_Sphere</projcsn></coordRef><lineage><Process ToolSource="c:\program files\arcgis\pro\Resources\ArcToolbox\toolboxes\Conversion Tools.tbx\ExportFeatures" Date="20250307" Time="132221">ExportFeatures "HC2023_CensusSubTracts_Updated_SchemaAdj_20230123 selection" "C:\Users\williams\Documents\ArcGIS Projects Local\MISC FS Requests\MISC FS Requests.gdb\HC2023_CensusSubTracts_20230123" # NOT_USE_ALIAS "CT20 "Census Tract" true true false 6 Text 0 0,First,#,HC2023_CensusSubTracts_Updated_SchemaAdj_20230123 selection,CT20,0,5;cstname "CST Name" true true false 254 Text 0 0,First,#,HC2023_CensusSubTracts_Updated_SchemaAdj_20230123 selection,cstname,0,253;suffix "CST Suffix" true true false 254 Text 0 0,First,#,HC2023_CensusSubTracts_Updated_SchemaAdj_20230123 selection,suffix,0,253;SPA "SPA" true true false 0 Long 0 0,First,#,HC2023_CensusSubTracts_Updated_SchemaAdj_20230123 selection,SPA,-1,-1;SPAname "SPA Name" true true false 254 Text 0 0,First,#,HC2023_CensusSubTracts_Updated_SchemaAdj_20230123 selection,SPAname,0,253;SPAnumber "SPA Number" true true false 254 Text 0 0,First,#,HC2023_CensusSubTracts_Updated_SchemaAdj_20230123 selection,SPAnumber,0,253;CD_22 "LA City Council Dist" true true false 0 Long 0 0,First,#,HC2023_CensusSubTracts_Updated_SchemaAdj_20230123 selection,CD_22,-1,-1;SD_2022 "Supervisor District" true true false 0 Long 0 0,First,#,HC2023_CensusSubTracts_Updated_SchemaAdj_20230123 selection,SD_2022,-1,-1;LandType "Land Type" true true false 254 Text 0 0,First,#,HC2023_CensusSubTracts_Updated_SchemaAdj_20230123 selection,LandType,0,253;CityName "City Name" true true false 100 Text 0 0,First,#,HC2023_CensusSubTracts_Updated_SchemaAdj_20230123 selection,CityName,0,99;CDPNAME "CDP Name" true true false 100 Text 0 0,First,#,HC2023_CensusSubTracts_Updated_SchemaAdj_20230123 selection,CDPNAME,0,99;UnincName "Uninc Name" true true false 38 Text 0 0,First,#,HC2023_CensusSubTracts_Updated_SchemaAdj_20230123 selection,UnincName,0,37;CombinedNa "Combined Area Names" true true false 55 Text 0 0,First,#,HC2023_CensusSubTracts_Updated_SchemaAdj_20230123 selection,CombinedNa,0,54;NC_Name "Neighborhood Council" true true false 254 Text 0 0,First,#,HC2023_CensusSubTracts_Updated_SchemaAdj_20230123 selection,NC_Name,0,253;CA_AssmbDi "CA Assmb Dist" true true false 0 Double 0 0,First,#,HC2023_CensusSubTracts_Updated_SchemaAdj_20230123 selection,CA_AssmbDi,-1,-1;CA_SenDist "CA Sen Dist" true true false 12 Text 0 0,First,#,HC2023_CensusSubTracts_Updated_SchemaAdj_20230123 selection,CA_SenDist,0,11;US_CongrDi "US Congr Dist" true true false 12 Text 0 0,First,#,HC2023_CensusSubTracts_Updated_SchemaAdj_20230123 selection,US_CongrDi,0,11;F2023SiteC "DS Code" true true false 254 Text 0 0,First,#,HC2023_CensusSubTracts_Updated_SchemaAdj_20230123 selection,F2023SiteC,0,253;CountName2 "Count Name" true true false 254 Text 0 0,First,#,HC2023_CensusSubTracts_Updated_SchemaAdj_20230123 selection,CountName2,0,253;Count_Lead "Count Lead Agency" true true false 254 Text 0 0,First,#,HC2023_CensusSubTracts_Updated_SchemaAdj_20230123 selection,Count_Lead,0,253;DS3 "Deployment Site Name" true true false 254 Text 0 0,First,#,HC2023_CensusSubTracts_Updated_SchemaAdj_20230123 selection,DS3,0,253;StreetAddr "DS Address" true true false 254 Text 0 0,First,#,HC2023_CensusSubTracts_Updated_SchemaAdj_20230123 selection,StreetAddr,0,253;City23 "Deployment Site City" true true false 254 Text 0 0,First,#,HC2023_CensusSubTracts_Updated_SchemaAdj_20230123 selection,City23,0,253;Zip23 "Dep Site ZIP" true true false 254 Text 0 0,First,#,HC2023_CensusSubTracts_Updated_SchemaAdj_20230123 selection,Zip23,0,253;DScoord202 "DS Coordinator" true true false 254 Text 0 0,First,#,HC2023_CensusSubTracts_Updated_SchemaAdj_20230123 selection,DScoord202,0,253;DSCoordEma "DS Coord Email" true true false 254 Text 0 0,First,#,HC2023_CensusSubTracts_Updated_SchemaAdj_20230123 selection,DSCoordEma,0,253;DSCoordPho "DS Coord Phone" true true false 254 Text 0 0,First,#,HC2023_CensusSubTracts_Updated_SchemaAdj_20230123 selection,DSCoordPho,0,253;DSAssist23 "DS Assistant" true true false 254 Text 0 0,First,#,HC2023_CensusSubTracts_Updated_SchemaAdj_20230123 selection,DSAssist23,0,253;LAHSAsta_1 "LAHSA Staff" true true false 254 Text 0 0,First,#,HC2023_CensusSubTracts_Updated_SchemaAdj_20230123 selection,LAHSAsta_1,0,253;LAHSAStaff "LAHSA Staff Contact Info" true true false 254 Text 0 0,First,#,HC2023_CensusSubTracts_Updated_SchemaAdj_20230123 selection,LAHSAStaff,0,253;Shape__Area "Shape__Area" false true true 0 Double 0 0,First,#,HC2023_CensusSubTracts_Updated_SchemaAdj_20230123 selection,Shape__Area,-1,-1;Shape__Length "Shape__Length" false true true 0 Double 0 0,First,#,HC2023_CensusSubTracts_Updated_SchemaAdj_20230123 selection,Shape__Length,-1,-1" #</Process><Process ToolSource="c:\program files\arcgis\pro\Resources\ArcToolbox\toolboxes\Conversion Tools.tbx\ExportFeatures" Date="20250307" Time="132351">ExportFeatures HC2023_CensusSubTracts_20230123 "C:\Users\williams\Documents\ArcGIS Projects Local\MISC FS Requests\MISC FS Requests.gdb\HC2023_CensusSubTracts_CountTotals" # NOT_USE_ALIAS "CT20 "Census Tract" true true false 6 Text 0 0,First,#,HC2023_CensusSubTracts_20230123,HC2023_CensusSubTracts_20230123.CT20,0,5;cstname "CST Name" true true false 254 Text 0 0,First,#,HC2023_CensusSubTracts_20230123,HC2023_CensusSubTracts_20230123.cstname,0,253;suffix "CST Suffix" true true false 254 Text 0 0,First,#,HC2023_CensusSubTracts_20230123,HC2023_CensusSubTracts_20230123.suffix,0,253;SPA "SPA" true true false 4 Long 0 0,First,#,HC2023_CensusSubTracts_20230123,HC2023_CensusSubTracts_20230123.SPA,-1,-1;SPAname "SPA Name" true true false 254 Text 0 0,First,#,HC2023_CensusSubTracts_20230123,HC2023_CensusSubTracts_20230123.SPAname,0,253;SPAnumber "SPA Number" true true false 254 Text 0 0,First,#,HC2023_CensusSubTracts_20230123,HC2023_CensusSubTracts_20230123.SPAnumber,0,253;CD_22 "LA City Council Dist" true true false 4 Long 0 0,First,#,HC2023_CensusSubTracts_20230123,HC2023_CensusSubTracts_20230123.CD_22,-1,-1;SD_2022 "Supervisor District" true true false 4 Long 0 0,First,#,HC2023_CensusSubTracts_20230123,HC2023_CensusSubTracts_20230123.SD_2022,-1,-1;LandType "Land Type" true true false 254 Text 0 0,First,#,HC2023_CensusSubTracts_20230123,HC2023_CensusSubTracts_20230123.LandType,0,253;CityName "City Name" true true false 100 Text 0 0,First,#,HC2023_CensusSubTracts_20230123,HC2023_CensusSubTracts_20230123.CityName,0,99;CDPNAME "CDP Name" true true false 100 Text 0 0,First,#,HC2023_CensusSubTracts_20230123,HC2023_CensusSubTracts_20230123.CDPNAME,0,99;UnincName "Uninc Name" true true false 38 Text 0 0,First,#,HC2023_CensusSubTracts_20230123,HC2023_CensusSubTracts_20230123.UnincName,0,37;CombinedNa "Combined Area Names" true true false 55 Text 0 0,First,#,HC2023_CensusSubTracts_20230123,HC2023_CensusSubTracts_20230123.CombinedNa,0,54;NC_Name "Neighborhood Council" true true false 254 Text 0 0,First,#,HC2023_CensusSubTracts_20230123,HC2023_CensusSubTracts_20230123.NC_Name,0,253;CA_AssmbDi "CA Assmb Dist" true true false 8 Double 0 0,First,#,HC2023_CensusSubTracts_20230123,HC2023_CensusSubTracts_20230123.CA_AssmbDi,-1,-1;CA_SenDist "CA Sen Dist" true true false 12 Text 0 0,First,#,HC2023_CensusSubTracts_20230123,HC2023_CensusSubTracts_20230123.CA_SenDist,0,11;US_CongrDi "US Congr Dist" true true false 12 Text 0 0,First,#,HC2023_CensusSubTracts_20230123,HC2023_CensusSubTracts_20230123.US_CongrDi,0,11;F2023SiteC "DS Code" true true false 254 Text 0 0,First,#,HC2023_CensusSubTracts_20230123,HC2023_CensusSubTracts_20230123.F2023SiteC,0,253;CountName2 "Count Name" true true false 254 Text 0 0,First,#,HC2023_CensusSubTracts_20230123,HC2023_CensusSubTracts_20230123.CountName2,0,253;Count_Lead "Count Lead Agency" true true false 254 Text 0 0,First,#,HC2023_CensusSubTracts_20230123,HC2023_CensusSubTracts_20230123.Count_Lead,0,253;DS3 "Deployment Site Name" true true false 254 Text 0 0,First,#,HC2023_CensusSubTracts_20230123,HC2023_CensusSubTracts_20230123.DS3,0,253;StreetAddr "DS Address" true true false 254 Text 0 0,First,#,HC2023_CensusSubTracts_20230123,HC2023_CensusSubTracts_20230123.StreetAddr,0,253;City23 "Deployment Site City" true true false 254 Text 0 0,First,#,HC2023_CensusSubTracts_20230123,HC2023_CensusSubTracts_20230123.City23,0,253;Zip23 "Dep Site ZIP" true true false 254 Text 0 0,First,#,HC2023_CensusSubTracts_20230123,HC2023_CensusSubTracts_20230123.Zip23,0,253;DScoord202 "DS Coordinator" true true false 254 Text 0 0,First,#,HC2023_CensusSubTracts_20230123,HC2023_CensusSubTracts_20230123.DScoord202,0,253;DSCoordEma "DS Coord Email" true true false 254 Text 0 0,First,#,HC2023_CensusSubTracts_20230123,HC2023_CensusSubTracts_20230123.DSCoordEma,0,253;DSCoordPho "DS Coord Phone" true true false 254 Text 0 0,First,#,HC2023_CensusSubTracts_20230123,HC2023_CensusSubTracts_20230123.DSCoordPho,0,253;DSAssist23 "DS Assistant" true true false 254 Text 0 0,First,#,HC2023_CensusSubTracts_20230123,HC2023_CensusSubTracts_20230123.DSAssist23,0,253;LAHSAsta_1 "LAHSA Staff" true true false 254 Text 0 0,First,#,HC2023_CensusSubTracts_20230123,HC2023_CensusSubTracts_20230123.LAHSAsta_1,0,253;LAHSAStaff "LAHSA Staff Contact Info" true true false 254 Text 0 0,First,#,HC2023_CensusSubTracts_20230123,HC2023_CensusSubTracts_20230123.LAHSAStaff,0,253;Shape_Length "Shape_Length" false true true 8 Double 0 0,First,#,HC2023_CensusSubTracts_20230123,HC2023_CensusSubTracts_20230123.Shape_Length,-1,-1;Shape_Area "Shape_Area" false true true 8 Double 0 0,First,#,HC2023_CensusSubTracts_20230123,HC2023_CensusSubTracts_20230123.Shape_Area,-1,-1;tract_split "tract_split" true true false 8000 Text 0 0,First,#,HC2023_CensusSubTracts_20230123,hc23-data-by-census-subtract.csv.tract_split,0,7999;Year "Year" true true false 4 Long 0 0,First,#,HC2023_CensusSubTracts_20230123,hc23-data-by-census-subtract.csv.Year,-1,-1;City "City" true true false 8000 Text 0 0,First,#,HC2023_CensusSubTracts_20230123,hc23-data-by-census-subtract.csv.City,0,7999;LACity "LACity" true true false 4 Long 0 0,First,#,HC2023_CensusSubTracts_20230123,hc23-data-by-census-subtract.csv.LACity,-1,-1;Community_Name "Community_Name" true true false 8000 Text 0 0,First,#,HC2023_CensusSubTracts_20230123,hc23-data-by-census-subtract.csv.Community_Name,0,7999;SPA "SPA" true true false 4 Long 0 0,First,#,HC2023_CensusSubTracts_20230123,hc23-data-by-census-subtract.csv.SPA,-1,-1;sd "sd" true true false 4 Long 0 0,First,#,HC2023_CensusSubTracts_20230123,hc23-data-by-census-subtract.csv.sd,-1,-1;cd "cd" true true false 4 Long 0 0,First,#,HC2023_CensusSubTracts_20230123,hc23-data-by-census-subtract.csv.cd,-1,-1;ca_ssd "ca_ssd" true true false 4 Long 0 0,First,#,HC2023_CensusSubTracts_20230123,hc23-data-by-census-subtract.csv.ca_ssd,-1,-1;ca_sad "ca_sad" true true false 4 Long 0 0,First,#,HC2023_CensusSubTracts_20230123,hc23-data-by-census-subtract.csv.ca_sad,-1,-1;us_cd "us_cd" true true false 4 Long 0 0,First,#,HC2023_CensusSubTracts_20230123,hc23-data-by-census-subtract.csv.us_cd,-1,-1;totStreetSingAdult "totStreetSingAdult" true true false 4 Long 0 0,First,#,HC2023_CensusSubTracts_20230123,hc23-data-by-census-subtract.csv.totStreetSingAdult,-1,-1;totStreetFamHH "totStreetFamHH" true true false 4 Long 0 0,First,#,HC2023_CensusSubTracts_20230123,hc23-data-by-census-subtract.csv.totStreetFamHH,-1,-1;totStreetFamMem "totStreetFamMem" true true false 4 Long 0 0,First,#,HC2023_CensusSubTracts_20230123,hc23-data-by-census-subtract.csv.totStreetFamMem,-1,-1;totSafeParkSingAdult "totSafeParkSingAdult" true true false 4 Long 0 0,First,#,HC2023_CensusSubTracts_20230123,hc23-data-by-census-subtract.csv.totSafeParkSingAdult,-1,-1;totSafeParkFamHH "totSafeParkFamHH" true true false 4 Long 0 0,First,#,HC2023_CensusSubTracts_20230123,hc23-data-by-census-subtract.csv.totSafeParkFamHH,-1,-1;totSafeParkFamMem "totSafeParkFamMem" true true false 4 Long 0 0,First,#,HC2023_CensusSubTracts_20230123,hc23-data-by-census-subtract.csv.totSafeParkFamMem,-1,-1;totCars "totCars" true true false 4 Long 0 0,First,#,HC2023_CensusSubTracts_20230123,hc23-data-by-census-subtract.csv.totCars,-1,-1;totVans "totVans" true true false 4 Long 0 0,First,#,HC2023_CensusSubTracts_20230123,hc23-data-by-census-subtract.csv.totVans,-1,-1;totCampers "totCampers" true true false 4 Long 0 0,First,#,HC2023_CensusSubTracts_20230123,hc23-data-by-census-subtract.csv.totCampers,-1,-1;totTents "totTents" true true false 4 Long 0 0,First,#,HC2023_CensusSubTracts_20230123,hc23-data-by-census-subtract.csv.totTents,-1,-1;totEncamp "totEncamp" true true false 4 Long 0 0,First,#,HC2023_CensusSubTracts_20230123,hc23-data-by-census-subtract.csv.totEncamp,-1,-1;totESAdultSingAdult "totESAdultSingAdult" true true false 4 Long 0 0,First,#,HC2023_CensusSubTracts_20230123,hc23-data-by-census-subtract.csv.totESAdultSingAdult,-1,-1;totESAdultFamHH "totESAdultFamHH" true true false 4 Long 0 0,First,#,HC2023_CensusSubTracts_20230123,hc23-data-by-census-subtract.csv.totESAdultFamHH,-1,-1;totESAdultFamMem "totESAdultFamMem" true true false 4 Long 0 0,First,#,HC2023_CensusSubTracts_20230123,hc23-data-by-census-subtract.csv.totESAdultFamMem,-1,-1;totESYouthSingYouth "totESYouthSingYouth" true true false 4 Long 0 0,First,#,HC2023_CensusSubTracts_20230123,hc23-data-by-census-subtract.csv.totESYouthSingYouth,-1,-1;totESYouthFamHH "totESYouthFamHH" true true false 4 Long 0 0,First,#,HC2023_CensusSubTracts_20230123,hc23-data-by-census-subtract.csv.totESYouthFamHH,-1,-1;totESYouthFamMem "totESYouthFamMem" true true false 4 Long 0 0,First,#,HC2023_CensusSubTracts_20230123,hc23-data-by-census-subtract.csv.totESYouthFamMem,-1,-1;totESYouthUnaccYouth "totESYouthUnaccYouth" true true false 4 Long 0 0,First,#,HC2023_CensusSubTracts_20230123,hc23-data-by-census-subtract.csv.totESYouthUnaccYouth,-1,-1;totTHAdultSingAdult "totTHAdultSingAdult" true true false 4 Long 0 0,First,#,HC2023_CensusSubTracts_20230123,hc23-data-by-census-subtract.csv.totTHAdultSingAdult,-1,-1;totTHAdultFamHH "totTHAdultFamHH" true true false 4 Long 0 0,First,#,HC2023_CensusSubTracts_20230123,hc23-data-by-census-subtract.csv.totTHAdultFamHH,-1,-1;totTHAdultFamMem "totTHAdultFamMem" true true false 4 Long 0 0,First,#,HC2023_CensusSubTracts_20230123,hc23-data-by-census-subtract.csv.totTHAdultFamMem,-1,-1;totTHYouthSingYouth "totTHYouthSingYouth" true true false 4 Long 0 0,First,#,HC2023_CensusSubTracts_20230123,hc23-data-by-census-subtract.csv.totTHYouthSingYouth,-1,-1;totTHYouthFamHH "totTHYouthFamHH" true true false 4 Long 0 0,First,#,HC2023_CensusSubTracts_20230123,hc23-data-by-census-subtract.csv.totTHYouthFamHH,-1,-1;totTHYouthFamMem "totTHYouthFamMem" true true false 4 Long 0 0,First,#,HC2023_CensusSubTracts_20230123,hc23-data-by-census-subtract.csv.totTHYouthFamMem,-1,-1;totTHYouthUnaccYouth "totTHYouthUnaccYouth" true true false 4 Long 0 0,First,#,HC2023_CensusSubTracts_20230123,hc23-data-by-census-subtract.csv.totTHYouthUnaccYouth,-1,-1;totSHAdultSingAdult "totSHAdultSingAdult" true true false 4 Long 0 0,First,#,HC2023_CensusSubTracts_20230123,hc23-data-by-census-subtract.csv.totSHAdultSingAdult,-1,-1;totSHAdultFamHH "totSHAdultFamHH" true true false 4 Long 0 0,First,#,HC2023_CensusSubTracts_20230123,hc23-data-by-census-subtract.csv.totSHAdultFamHH,-1,-1;totSHAdultFamMem "totSHAdultFamMem" true true false 4 Long 0 0,First,#,HC2023_CensusSubTracts_20230123,hc23-data-by-census-subtract.csv.totSHAdultFamMem,-1,-1;totSHYouthSingYouth "totSHYouthSingYouth" true true false 4 Long 0 0,First,#,HC2023_CensusSubTracts_20230123,hc23-data-by-census-subtract.csv.totSHYouthSingYouth,-1,-1;totSHYouthFamHH "totSHYouthFamHH" true true false 4 Long 0 0,First,#,HC2023_CensusSubTracts_20230123,hc23-data-by-census-subtract.csv.totSHYouthFamHH,-1,-1;totSHYouthFamMem "totSHYouthFamMem" true true false 4 Long 0 0,First,#,HC2023_CensusSubTracts_20230123,hc23-data-by-census-subtract.csv.totSHYouthFamMem,-1,-1;totSHYouthUnaccYouth "totSHYouthUnaccYouth" true true false 4 Long 0 0,First,#,HC2023_CensusSubTracts_20230123,hc23-data-by-census-subtract.csv.totSHYouthUnaccYouth,-1,-1;totESPeople "totESPeople" true true false 4 Long 0 0,First,#,HC2023_CensusSubTracts_20230123,hc23-data-by-census-subtract.csv.totESPeople,-1,-1;totTHPeople "totTHPeople" true true false 4 Long 0 0,First,#,HC2023_CensusSubTracts_20230123,hc23-data-by-census-subtract.csv.totTHPeople,-1,-1;totSHPeople "totSHPeople" true true false 4 Long 0 0,First,#,HC2023_CensusSubTracts_20230123,hc23-data-by-census-subtract.csv.totSHPeople,-1,-1;totSheltPeople "totSheltPeople" true true false 4 Long 0 0,First,#,HC2023_CensusSubTracts_20230123,hc23-data-by-census-subtract.csv.totSheltPeople,-1,-1" #</Process><Process ToolSource="c:\program files\arcgis\pro\Resources\ArcToolbox\toolboxes\Data Management Tools.tbx\UpdateSchema" Date="20250307" Time="132728">UpdateSchema "CIMDATA=&lt;CIMStandardDataConnection xsi:type='typens:CIMStandardDataConnection' xmlns:xsi='http://www.w3.org/2001/XMLSchema-instance' xmlns:xs='http://www.w3.org/2001/XMLSchema' xmlns:typens='http://www.esri.com/schemas/ArcGIS/3.4.0'&gt;&lt;WorkspaceConnectionString&gt;DATABASE=C:\Users\williams\Documents\ArcGIS Projects Local\MISC FS Requests\MISC FS Requests.gdb&lt;/WorkspaceConnectionString&gt;&lt;WorkspaceFactory&gt;FileGDB&lt;/WorkspaceFactory&gt;&lt;Dataset&gt;HC2023_CensusSubTracts_CountTotals&lt;/Dataset&gt;&lt;DatasetType&gt;esriDTFeatureClass&lt;/DatasetType&gt;&lt;/CIMStandardDataConnection&gt;" &lt;operationSequence&gt;&lt;workflow&gt;&lt;DeleteField&gt;&lt;field_name&gt;Count_Lead&lt;/field_name&gt;&lt;field_name&gt;DS3&lt;/field_name&gt;&lt;field_name&gt;StreetAddr&lt;/field_name&gt;&lt;field_name&gt;City23&lt;/field_name&gt;&lt;field_name&gt;Zip23&lt;/field_name&gt;&lt;field_name&gt;DScoord202&lt;/field_name&gt;&lt;field_name&gt;DSCoordEma&lt;/field_name&gt;&lt;field_name&gt;DSCoordPho&lt;/field_name&gt;&lt;field_name&gt;DSAssist23&lt;/field_name&gt;&lt;field_name&gt;LAHSAsta_1&lt;/field_name&gt;&lt;field_name&gt;LAHSAStaff&lt;/field_name&gt;&lt;/DeleteField&gt;&lt;/workflow&gt;&lt;/operationSequence&gt;</Process><Process ToolSource="c:\program files\arcgis\pro\Resources\ArcToolbox\toolboxes\Conversion Tools.tbx\ExportFeatures" Date="20250307" Time="143134">ExportFeatures "HC 2023 CST Data\HC2023_CensusSubTracts_CountTotals" "C:\Users\williams\Documents\ArcGIS Projects Local\MISC FS Requests\Shapefiles\Shapefiles to Share\HC 2023 Totals by Census Sub Tract FS 221489\HC2023_CensusSubTracts_CountTotals_FS_221489.shp" # NOT_USE_ALIAS "CT20 "Census Tract" true true false 6 Text 0 0,First,#,HC 2023 CST Data\HC2023_CensusSubTracts_CountTotals,CT20,0,5;cstname "CST Name" true true false 254 Text 0 0,First,#,HC 2023 CST Data\HC2023_CensusSubTracts_CountTotals,cstname,0,253;suffix "CST Suffix" true true false 254 Text 0 0,First,#,HC 2023 CST Data\HC2023_CensusSubTracts_CountTotals,suffix,0,253;SPA "SPA" true true false 4 Long 0 0,First,#,HC 2023 CST Data\HC2023_CensusSubTracts_CountTotals,SPA,-1,-1;SPAname "SPA Name" true true false 254 Text 0 0,First,#,HC 2023 CST Data\HC2023_CensusSubTracts_CountTotals,SPAname,0,253;SPAnumber "SPA Number" true true false 254 Text 0 0,First,#,HC 2023 CST Data\HC2023_CensusSubTracts_CountTotals,SPAnumber,0,253;CD_22 "LA City Council Dist" true true false 4 Long 0 0,First,#,HC 2023 CST Data\HC2023_CensusSubTracts_CountTotals,CD_22,-1,-1;SD_2022 "Supervisor District" true true false 4 Long 0 0,First,#,HC 2023 CST Data\HC2023_CensusSubTracts_CountTotals,SD_2022,-1,-1;LandType "Land Type" true true false 254 Text 0 0,First,#,HC 2023 CST Data\HC2023_CensusSubTracts_CountTotals,LandType,0,253;CityName "City Name" true true false 100 Text 0 0,First,#,HC 2023 CST Data\HC2023_CensusSubTracts_CountTotals,CityName,0,99;CDPNAME "CDP Name" true true false 100 Text 0 0,First,#,HC 2023 CST Data\HC2023_CensusSubTracts_CountTotals,CDPNAME,0,99;UnincName "Uninc Name" true true false 38 Text 0 0,First,#,HC 2023 CST Data\HC2023_CensusSubTracts_CountTotals,UnincName,0,37;CombinedNa "Combined Area Names" true true false 55 Text 0 0,First,#,HC 2023 CST Data\HC2023_CensusSubTracts_CountTotals,CombinedNa,0,54;NC_Name "Neighborhood Council" true true false 254 Text 0 0,First,#,HC 2023 CST Data\HC2023_CensusSubTracts_CountTotals,NC_Name,0,253;CA_AssmbDi "CA Assmb Dist" true true false 8 Double 0 0,First,#,HC 2023 CST Data\HC2023_CensusSubTracts_CountTotals,CA_AssmbDi,-1,-1;CA_SenDist "CA Sen Dist" true true false 12 Text 0 0,First,#,HC 2023 CST Data\HC2023_CensusSubTracts_CountTotals,CA_SenDist,0,11;US_CongrDi "US Congr Dist" true true false 12 Text 0 0,First,#,HC 2023 CST Data\HC2023_CensusSubTracts_CountTotals,US_CongrDi,0,11;F2023SiteC "DS Code" true true false 254 Text 0 0,First,#,HC 2023 CST Data\HC2023_CensusSubTracts_CountTotals,F2023SiteC,0,253;CountName2 "Count Name" true true false 254 Text 0 0,First,#,HC 2023 CST Data\HC2023_CensusSubTracts_CountTotals,CountName2,0,253;tract_split "tract_split" true true false 8000 Text 0 0,First,#,HC 2023 CST Data\HC2023_CensusSubTracts_CountTotals,tract_split,0,7999;Year "Year" true true false 4 Long 0 0,First,#,HC 2023 CST Data\HC2023_CensusSubTracts_CountTotals,Year,-1,-1;City "City" true true false 8000 Text 0 0,First,#,HC 2023 CST Data\HC2023_CensusSubTracts_CountTotals,City,0,7999;LACity "LACity" true true false 4 Long 0 0,First,#,HC 2023 CST Data\HC2023_CensusSubTracts_CountTotals,LACity,-1,-1;Community_Name "Community_Name" true true false 8000 Text 0 0,First,#,HC 2023 CST Data\HC2023_CensusSubTracts_CountTotals,Community_Name,0,7999;SPA_1 "SPA" true true false 4 Long 0 0,First,#,HC 2023 CST Data\HC2023_CensusSubTracts_CountTotals,SPA_1,-1,-1;sd "sd" true true false 4 Long 0 0,First,#,HC 2023 CST Data\HC2023_CensusSubTracts_CountTotals,sd,-1,-1;cd "cd" true true false 4 Long 0 0,First,#,HC 2023 CST Data\HC2023_CensusSubTracts_CountTotals,cd,-1,-1;ca_ssd "ca_ssd" true true false 4 Long 0 0,First,#,HC 2023 CST Data\HC2023_CensusSubTracts_CountTotals,ca_ssd,-1,-1;ca_sad "ca_sad" true true false 4 Long 0 0,First,#,HC 2023 CST Data\HC2023_CensusSubTracts_CountTotals,ca_sad,-1,-1;us_cd "us_cd" true true false 4 Long 0 0,First,#,HC 2023 CST Data\HC2023_CensusSubTracts_CountTotals,us_cd,-1,-1;totStreetSingAdult "totStreetSingAdult" true true false 4 Long 0 0,First,#,HC 2023 CST Data\HC2023_CensusSubTracts_CountTotals,totStreetSingAdult,-1,-1;totStreetFamHH "totStreetFamHH" true true false 4 Long 0 0,First,#,HC 2023 CST Data\HC2023_CensusSubTracts_CountTotals,totStreetFamHH,-1,-1;totStreetFamMem "totStreetFamMem" true true false 4 Long 0 0,First,#,HC 2023 CST Data\HC2023_CensusSubTracts_CountTotals,totStreetFamMem,-1,-1;totSafeParkSingAdult "totSafeParkSingAdult" true true false 4 Long 0 0,First,#,HC 2023 CST Data\HC2023_CensusSubTracts_CountTotals,totSafeParkSingAdult,-1,-1;totSafeParkFamHH "totSafeParkFamHH" true true false 4 Long 0 0,First,#,HC 2023 CST Data\HC2023_CensusSubTracts_CountTotals,totSafeParkFamHH,-1,-1;totSafeParkFamMem "totSafeParkFamMem" true true false 4 Long 0 0,First,#,HC 2023 CST Data\HC2023_CensusSubTracts_CountTotals,totSafeParkFamMem,-1,-1;totCars "totCars" true true false 4 Long 0 0,First,#,HC 2023 CST Data\HC2023_CensusSubTracts_CountTotals,totCars,-1,-1;totVans "totVans" true true false 4 Long 0 0,First,#,HC 2023 CST Data\HC2023_CensusSubTracts_CountTotals,totVans,-1,-1;totCampers "totCampers" true true false 4 Long 0 0,First,#,HC 2023 CST Data\HC2023_CensusSubTracts_CountTotals,totCampers,-1,-1;totTents "totTents" true true false 4 Long 0 0,First,#,HC 2023 CST Data\HC2023_CensusSubTracts_CountTotals,totTents,-1,-1;totEncamp "totEncamp" true true false 4 Long 0 0,First,#,HC 2023 CST Data\HC2023_CensusSubTracts_CountTotals,totEncamp,-1,-1;totESAdultSingAdult "totESAdultSingAdult" true true false 4 Long 0 0,First,#,HC 2023 CST Data\HC2023_CensusSubTracts_CountTotals,totESAdultSingAdult,-1,-1;totESAdultFamHH "totESAdultFamHH" true true false 4 Long 0 0,First,#,HC 2023 CST Data\HC2023_CensusSubTracts_CountTotals,totESAdultFamHH,-1,-1;totESAdultFamMem "totESAdultFamMem" true true false 4 Long 0 0,First,#,HC 2023 CST Data\HC2023_CensusSubTracts_CountTotals,totESAdultFamMem,-1,-1;totESYouthSingYouth "totESYouthSingYouth" true true false 4 Long 0 0,First,#,HC 2023 CST Data\HC2023_CensusSubTracts_CountTotals,totESYouthSingYouth,-1,-1;totESYouthFamHH "totESYouthFamHH" true true false 4 Long 0 0,First,#,HC 2023 CST Data\HC2023_CensusSubTracts_CountTotals,totESYouthFamHH,-1,-1;totESYouthFamMem "totESYouthFamMem" true true false 4 Long 0 0,First,#,HC 2023 CST Data\HC2023_CensusSubTracts_CountTotals,totESYouthFamMem,-1,-1;totESYouthUnaccYouth "totESYouthUnaccYouth" true true false 4 Long 0 0,First,#,HC 2023 CST Data\HC2023_CensusSubTracts_CountTotals,totESYouthUnaccYouth,-1,-1;totTHAdultSingAdult "totTHAdultSingAdult" true true false 4 Long 0 0,First,#,HC 2023 CST Data\HC2023_CensusSubTracts_CountTotals,totTHAdultSingAdult,-1,-1;totTHAdultFamHH "totTHAdultFamHH" true true false 4 Long 0 0,First,#,HC 2023 CST Data\HC2023_CensusSubTracts_CountTotals,totTHAdultFamHH,-1,-1;totTHAdultFamMem "totTHAdultFamMem" true true false 4 Long 0 0,First,#,HC 2023 CST Data\HC2023_CensusSubTracts_CountTotals,totTHAdultFamMem,-1,-1;totTHYouthSingYouth "totTHYouthSingYouth" true true false 4 Long 0 0,First,#,HC 2023 CST Data\HC2023_CensusSubTracts_CountTotals,totTHYouthSingYouth,-1,-1;totTHYouthFamHH "totTHYouthFamHH" true true false 4 Long 0 0,First,#,HC 2023 CST Data\HC2023_CensusSubTracts_CountTotals,totTHYouthFamHH,-1,-1;totTHYouthFamMem "totTHYouthFamMem" true true false 4 Long 0 0,First,#,HC 2023 CST Data\HC2023_CensusSubTracts_CountTotals,totTHYouthFamMem,-1,-1;totTHYouthUnaccYouth "totTHYouthUnaccYouth" true true false 4 Long 0 0,First,#,HC 2023 CST Data\HC2023_CensusSubTracts_CountTotals,totTHYouthUnaccYouth,-1,-1;totSHAdultSingAdult "totSHAdultSingAdult" true true false 4 Long 0 0,First,#,HC 2023 CST Data\HC2023_CensusSubTracts_CountTotals,totSHAdultSingAdult,-1,-1;totSHAdultFamHH "totSHAdultFamHH" true true false 4 Long 0 0,First,#,HC 2023 CST Data\HC2023_CensusSubTracts_CountTotals,totSHAdultFamHH,-1,-1;totSHAdultFamMem "totSHAdultFamMem" true true false 4 Long 0 0,First,#,HC 2023 CST Data\HC2023_CensusSubTracts_CountTotals,totSHAdultFamMem,-1,-1;totSHYouthSingYouth "totSHYouthSingYouth" true true false 4 Long 0 0,First,#,HC 2023 CST Data\HC2023_CensusSubTracts_CountTotals,totSHYouthSingYouth,-1,-1;totSHYouthFamHH "totSHYouthFamHH" true true false 4 Long 0 0,First,#,HC 2023 CST Data\HC2023_CensusSubTracts_CountTotals,totSHYouthFamHH,-1,-1;totSHYouthFamMem "totSHYouthFamMem" true true false 4 Long 0 0,First,#,HC 2023 CST Data\HC2023_CensusSubTracts_CountTotals,totSHYouthFamMem,-1,-1;totSHYouthUnaccYouth "totSHYouthUnaccYouth" true true false 4 Long 0 0,First,#,HC 2023 CST Data\HC2023_CensusSubTracts_CountTotals,totSHYouthUnaccYouth,-1,-1;totESPeople "totESPeople" true true false 4 Long 0 0,First,#,HC 2023 CST Data\HC2023_CensusSubTracts_CountTotals,totESPeople,-1,-1;totTHPeople "totTHPeople" true true false 4 Long 0 0,First,#,HC 2023 CST Data\HC2023_CensusSubTracts_CountTotals,totTHPeople,-1,-1;totSHPeople "totSHPeople" true true false 4 Long 0 0,First,#,HC 2023 CST Data\HC2023_CensusSubTracts_CountTotals,totSHPeople,-1,-1;totSheltPeople "totSheltPeople" true true false 4 Long 0 0,First,#,HC 2023 CST Data\HC2023_CensusSubTracts_CountTotals,totSheltPeople,-1,-1;Shape_Length "Shape_Length" false true true 8 Double 0 0,First,#,HC 2023 CST Data\HC2023_CensusSubTracts_CountTotals,Shape_Length,-1,-1;Shape_Area "Shape_Area" false true true 8 Double 0 0,First,#,HC 2023 CST Data\HC2023_CensusSubTracts_CountTotals,Shape_Area,-1,-1" #</Process><Process ToolSource="c:\program files\arcgis\pro\Resources\ArcToolbox\toolboxes\Data Management Tools.tbx\UpdateSchema" Date="20250307" Time="143401">UpdateSchema "CIMDATA=&lt;CIMStandardDataConnection xsi:type='typens:CIMStandardDataConnection' xmlns:xsi='http://www.w3.org/2001/XMLSchema-instance' xmlns:xs='http://www.w3.org/2001/XMLSchema' xmlns:typens='http://www.esri.com/schemas/ArcGIS/3.4.0'&gt;&lt;WorkspaceConnectionString&gt;DATABASE=C:\Users\williams\Documents\ArcGIS Projects Local\MISC FS Requests\Shapefiles\Shapefiles to Share\HC 2023 Totals by Census Sub Tract FS 221489&lt;/WorkspaceConnectionString&gt;&lt;WorkspaceFactory&gt;Shapefile&lt;/WorkspaceFactory&gt;&lt;Dataset&gt;HC2023_CensusSubTracts_CountTotals_FS_221489&lt;/Dataset&gt;&lt;DatasetType&gt;esriDTFeatureClass&lt;/DatasetType&gt;&lt;/CIMStandardDataConnection&gt;" &lt;operationSequence&gt;&lt;workflow&gt;&lt;DeleteField&gt;&lt;field_name&gt;suffix&lt;/field_name&gt;&lt;field_name&gt;SPA&lt;/field_name&gt;&lt;field_name&gt;SPAname&lt;/field_name&gt;&lt;field_name&gt;SPAnumber&lt;/field_name&gt;&lt;field_name&gt;CD_22&lt;/field_name&gt;&lt;field_name&gt;SD_2022&lt;/field_name&gt;&lt;field_name&gt;CA_AssmbDi&lt;/field_name&gt;&lt;field_name&gt;CA_SenDist&lt;/field_name&gt;&lt;field_name&gt;US_CongrDi&lt;/field_name&gt;&lt;field_name&gt;F2023SiteC&lt;/field_name&gt;&lt;field_name&gt;CountName2&lt;/field_name&gt;&lt;/DeleteField&gt;&lt;/workflow&gt;&lt;/operationSequence&gt;</Process></lineage></DataProperties><SyncDate>20250307</SyncDate><SyncTime>14313300</SyncTime><ModDate>20250307</ModDate><ModTime>14313300</ModTime></Esri><dataIdInfo><envirDesc Sync="FALSE">Esri ArcGIS 12.6.2.24783</envirDesc><dataLang><languageCode value="eng" Sync="TRUE"/><countryCode value="USA" Sync="TRUE"/></dataLang><idCitation><resTitle Sync="TRUE">HC2023_CensusSubTracts_CountTotals_FS_221489</resTitle><presForm><PresFormCd value="005" Sync="TRUE"/></presForm></idCitation><spatRpType><SpatRepTypCd value="001" Sync="TRUE"/></spatRpType></dataIdInfo><mdLang><languageCode value="eng" Sync="TRUE"/><countryCode value="USA" Sync="TRUE"/></mdLang><mdChar><CharSetCd value="004" Sync="TRUE"/></mdChar><distInfo><distFormat><formatName Sync="TRUE">Shapefile</formatName></distFormat><distTranOps><transSize Sync="TRUE">0.000</transSize></distTranOps></distInfo><mdHrLv><ScopeCd value="005" Sync="TRUE"/></mdHrLv><mdHrLvName Sync="TRUE">dataset</mdHrLvName><refSysInfo><RefSystem><refSysID><identCode code="3857" Sync="TRUE"/><idCodeSpace Sync="TRUE">EPSG</idCodeSpace><idVersion Sync="TRUE">6.18.3(9.3.1.2)</idVersion></refSysID></RefSystem></refSysInfo><spatRepInfo><VectSpatRep><geometObjs Name="HC2023_CensusSubTracts_CountTotals_FS_221489"><geoObjTyp><GeoObjTypCd value="002" Sync="TRUE"></GeoObjTypCd></geoObjTyp><geoObjCnt Sync="TRUE">0</geoObjCnt></geometObjs><topLvl><TopoLevCd value="001" Sync="TRUE"></TopoLevCd></topLvl></VectSpatRep></spatRepInfo><spdoinfo><ptvctinf><esriterm Name="HC2023_CensusSubTracts_CountTotals_FS_221489"><efeatyp Sync="TRUE">Simple</efeatyp><efeageom code="4" Sync="TRUE"></efeageom><esritopo Sync="TRUE">FALSE</esritopo><efeacnt Sync="TRUE">0</efeacnt><spindex Sync="TRUE">FALSE</spindex><linrefer Sync="TRUE">TRUE</linrefer></esriterm></ptvctinf></spdoinfo><eainfo><detailed Name="HC2023_CensusSubTracts_CountTotals_FS_221489"><enttyp><enttypl Sync="TRUE">HC2023_CensusSubTracts_CountTotals_FS_221489</enttypl><enttypt Sync="TRUE">Feature Class</enttypt><enttypc Sync="TRUE">0</enttypc></enttyp><attr><attrlabl Sync="TRUE">FID</attrlabl><attalias Sync="TRUE">FID</attalias><attrtype Sync="TRUE">OID</attrtype><attwidth Sync="TRUE">4</attwidth><atprecis Sync="TRUE">0</atprecis><attscale Sync="TRUE">0</attscale><attrdef Sync="TRUE">Internal feature number.</attrdef><attrdefs Sync="TRUE">Esri</attrdefs><attrdomv><udom Sync="TRUE">Sequential unique whole numbers that are automatically generated.</udom></attrdomv></attr><attr><attrlabl Sync="TRUE">Shape</attrlabl><attalias Sync="TRUE">Shape</attalias><attrtype Sync="TRUE">Geometry</attrtype><attwidth Sync="TRUE">0</attwidth><atprecis Sync="TRUE">0</atprecis><attscale Sync="TRUE">0</attscale><attrdef Sync="TRUE">Feature geometry.</attrdef><attrdefs Sync="TRUE">Esri</attrdefs><attrdomv><udom Sync="TRUE">Coordinates defining the features.</udom></attrdomv></attr><attr><attrlabl Sync="TRUE">CD_22</attrlabl><attalias Sync="TRUE">CD_22</attalias><attrtype Sync="TRUE">Integer</attrtype><attwidth Sync="TRUE">10</attwidth><atprecis Sync="TRUE">10</atprecis><attscale Sync="TRUE">0</attscale></attr><attr><attrlabl Sync="TRUE">CT20</attrlabl><attalias Sync="TRUE">CT20</attalias><attrtype Sync="TRUE">String</attrtype><attwidth Sync="TRUE">6</attwidth><atprecis Sync="TRUE">0</atprecis><attscale Sync="TRUE">0</attscale></attr><attr><attrlabl Sync="TRUE">SPA</attrlabl><attalias Sync="TRUE">SPA</attalias><attrtype Sync="TRUE">Integer</attrtype><attwidth Sync="TRUE">10</attwidth><atprecis Sync="TRUE">10</atprecis><attscale Sync="TRUE">0</attscale></attr><attr><attrlabl Sync="TRUE">SPAname</attrlabl><attalias Sync="TRUE">SPAname</attalias><attrtype Sync="TRUE">String</attrtype><attwidth Sync="TRUE">254</attwidth><atprecis Sync="TRUE">0</atprecis><attscale Sync="TRUE">0</attscale></attr><attr><attrlabl Sync="TRUE">SPAnumber</attrlabl><attalias Sync="TRUE">SPAnumber</attalias><attrtype Sync="TRUE">String</attrtype><attwidth Sync="TRUE">254</attwidth><atprecis Sync="TRUE">0</atprecis><attscale Sync="TRUE">0</attscale></attr><attr><attrlabl Sync="TRUE">UnincName</attrlabl><attalias Sync="TRUE">UnincName</attalias><attrtype Sync="TRUE">String</attrtype><attwidth Sync="TRUE">38</attwidth><atprecis Sync="TRUE">0</atprecis><attscale Sync="TRUE">0</attscale></attr><attr><attrlabl Sync="TRUE">CityName</attrlabl><attalias Sync="TRUE">CityName</attalias><attrtype Sync="TRUE">String</attrtype><attwidth Sync="TRUE">100</attwidth><atprecis Sync="TRUE">0</atprecis><attscale Sync="TRUE">0</attscale></attr><attr><attrlabl Sync="TRUE">CombinedNa</attrlabl><attalias Sync="TRUE">CombinedNa</attalias><attrtype Sync="TRUE">String</attrtype><attwidth Sync="TRUE">55</attwidth><atprecis Sync="TRUE">0</atprecis><attscale Sync="TRUE">0</attscale></attr><attr><attrlabl Sync="TRUE">CDPNAME</attrlabl><attalias Sync="TRUE">CDPNAME</attalias><attrtype Sync="TRUE">String</attrtype><attwidth Sync="TRUE">100</attwidth><atprecis Sync="TRUE">0</atprecis><attscale Sync="TRUE">0</attscale></attr><attr><attrlabl Sync="TRUE">SD_2022</attrlabl><attalias Sync="TRUE">SD_2022</attalias><attrtype Sync="TRUE">Integer</attrtype><attwidth Sync="TRUE">10</attwidth><atprecis Sync="TRUE">10</atprecis><attscale Sync="TRUE">0</attscale></attr><attr><attrlabl Sync="TRUE">LandType</attrlabl><attalias Sync="TRUE">LandType</attalias><attrtype Sync="TRUE">String</attrtype><attwidth Sync="TRUE">254</attwidth><atprecis Sync="TRUE">0</atprecis><attscale Sync="TRUE">0</attscale></attr><attr><attrlabl Sync="TRUE">CA_AssmbDi</attrlabl><attalias Sync="TRUE">CA_AssmbDi</attalias><attrtype Sync="TRUE">Double</attrtype><attwidth Sync="TRUE">19</attwidth><atprecis Sync="TRUE">0</atprecis><attscale Sync="TRUE">0</attscale></attr><attr><attrlabl Sync="TRUE">CA_SenDist</attrlabl><attalias Sync="TRUE">CA_SenDist</attalias><attrtype Sync="TRUE">String</attrtype><attwidth Sync="TRUE">12</attwidth><atprecis Sync="TRUE">0</atprecis><attscale Sync="TRUE">0</attscale></attr><attr><attrlabl Sync="TRUE">US_CongrDi</attrlabl><attalias Sync="TRUE">US_CongrDi</attalias><attrtype Sync="TRUE">String</attrtype><attwidth Sync="TRUE">12</attwidth><atprecis Sync="TRUE">0</atprecis><attscale Sync="TRUE">0</attscale></attr><attr><attrlabl Sync="TRUE">NC_Name</attrlabl><attalias Sync="TRUE">NC_Name</attalias><attrtype Sync="TRUE">String</attrtype><attwidth Sync="TRUE">254</attwidth><atprecis Sync="TRUE">0</atprecis><attscale Sync="TRUE">0</attscale></attr><attr><attrlabl Sync="TRUE">Shape_Area</attrlabl><attalias Sync="TRUE">Shape_Area</attalias><attrtype Sync="TRUE">Double</attrtype><attwidth Sync="TRUE">19</attwidth><atprecis Sync="TRUE">0</atprecis><attscale Sync="TRUE">0</attscale><attrdef Sync="TRUE">Area of feature in internal units squared.</attrdef><attrdefs Sync="TRUE">Esri</attrdefs><attrdomv><udom Sync="TRUE">Positive real numbers that are automatically generated.</udom></attrdomv></attr><attr><attrlabl Sync="TRUE">suffix</attrlabl><attalias Sync="TRUE">suffix</attalias><attrtype Sync="TRUE">String</attrtype><attwidth Sync="TRUE">254</attwidth><atprecis Sync="TRUE">0</atprecis><attscale Sync="TRUE">0</attscale></attr><attr><attrlabl Sync="TRUE">cstname</attrlabl><attalias Sync="TRUE">cstname</attalias><attrtype Sync="TRUE">String</attrtype><attwidth Sync="TRUE">254</attwidth><atprecis Sync="TRUE">0</atprecis><attscale Sync="TRUE">0</attscale></attr><attr><attrlabl Sync="TRUE">F2023SiteC</attrlabl><attalias Sync="TRUE">F2023SiteC</attalias><attrtype Sync="TRUE">String</attrtype><attwidth Sync="TRUE">254</attwidth><atprecis Sync="TRUE">0</atprecis><attscale Sync="TRUE">0</attscale></attr><attr><attrlabl Sync="TRUE">tract_spli</attrlabl><attalias Sync="TRUE">tract_spli</attalias><attrtype Sync="TRUE">String</attrtype><attwidth Sync="TRUE">254</attwidth><atprecis Sync="TRUE">0</atprecis><attscale Sync="TRUE">0</attscale></attr><attr><attrlabl Sync="TRUE">CountName2</attrlabl><attalias Sync="TRUE">CountName2</attalias><attrtype Sync="TRUE">String</attrtype><attwidth Sync="TRUE">254</attwidth><atprecis Sync="TRUE">0</atprecis><attscale Sync="TRUE">0</attscale></attr><attr><attrlabl Sync="TRUE">Year</attrlabl><attalias Sync="TRUE">Year</attalias><attrtype Sync="TRUE">Integer</attrtype><attwidth Sync="TRUE">10</attwidth><atprecis Sync="TRUE">10</atprecis><attscale Sync="TRUE">0</attscale></attr><attr><attrlabl Sync="TRUE">City</attrlabl><attalias Sync="TRUE">City</attalias><attrtype Sync="TRUE">String</attrtype><attwidth Sync="TRUE">254</attwidth><atprecis Sync="TRUE">0</atprecis><attscale Sync="TRUE">0</attscale></attr><attr><attrlabl Sync="TRUE">Community_</attrlabl><attalias Sync="TRUE">Community_</attalias><attrtype Sync="TRUE">String</attrtype><attwidth Sync="TRUE">254</attwidth><atprecis Sync="TRUE">0</atprecis><attscale Sync="TRUE">0</attscale></attr><attr><attrlabl Sync="TRUE">LACity</attrlabl><attalias Sync="TRUE">LACity</attalias><attrtype Sync="TRUE">Integer</attrtype><attwidth Sync="TRUE">10</attwidth><atprecis Sync="TRUE">10</atprecis><attscale Sync="TRUE">0</attscale></attr><attr><attrlabl Sync="TRUE">SPA_1</attrlabl><attalias Sync="TRUE">SPA_1</attalias><attrtype Sync="TRUE">Integer</attrtype><attwidth Sync="TRUE">10</attwidth><atprecis Sync="TRUE">10</atprecis><attscale Sync="TRUE">0</attscale></attr><attr><attrlabl Sync="TRUE">sd</attrlabl><attalias Sync="TRUE">sd</attalias><attrtype Sync="TRUE">Integer</attrtype><attwidth Sync="TRUE">10</attwidth><atprecis Sync="TRUE">10</atprecis><attscale Sync="TRUE">0</attscale></attr><attr><attrlabl Sync="TRUE">cd</attrlabl><attalias Sync="TRUE">cd</attalias><attrtype Sync="TRUE">Integer</attrtype><attwidth Sync="TRUE">10</attwidth><atprecis Sync="TRUE">10</atprecis><attscale Sync="TRUE">0</attscale></attr><attr><attrlabl Sync="TRUE">ca_ssd</attrlabl><attalias Sync="TRUE">ca_ssd</attalias><attrtype Sync="TRUE">Integer</attrtype><attwidth Sync="TRUE">10</attwidth><atprecis Sync="TRUE">10</atprecis><attscale Sync="TRUE">0</attscale></attr><attr><attrlabl Sync="TRUE">ca_sad</attrlabl><attalias Sync="TRUE">ca_sad</attalias><attrtype Sync="TRUE">Integer</attrtype><attwidth Sync="TRUE">10</attwidth><atprecis Sync="TRUE">10</atprecis><attscale Sync="TRUE">0</attscale></attr><attr><attrlabl Sync="TRUE">totStreetS</attrlabl><attalias Sync="TRUE">totStreetS</attalias><attrtype Sync="TRUE">Integer</attrtype><attwidth Sync="TRUE">10</attwidth><atprecis Sync="TRUE">10</atprecis><attscale Sync="TRUE">0</attscale></attr><attr><attrlabl Sync="TRUE">totStreetF</attrlabl><attalias Sync="TRUE">totStreetF</attalias><attrtype Sync="TRUE">Integer</attrtype><attwidth Sync="TRUE">10</attwidth><atprecis Sync="TRUE">10</atprecis><attscale Sync="TRUE">0</attscale></attr><attr><attrlabl Sync="TRUE">totStree_1</attrlabl><attalias Sync="TRUE">totStree_1</attalias><attrtype Sync="TRUE">Integer</attrtype><attwidth Sync="TRUE">10</attwidth><atprecis Sync="TRUE">10</atprecis><attscale Sync="TRUE">0</attscale></attr><attr><attrlabl Sync="TRUE">totSafePar</attrlabl><attalias Sync="TRUE">totSafePar</attalias><attrtype Sync="TRUE">Integer</attrtype><attwidth Sync="TRUE">10</attwidth><atprecis Sync="TRUE">10</atprecis><attscale Sync="TRUE">0</attscale></attr><attr><attrlabl Sync="TRUE">totSafeP_1</attrlabl><attalias Sync="TRUE">totSafeP_1</attalias><attrtype Sync="TRUE">Integer</attrtype><attwidth Sync="TRUE">10</attwidth><atprecis Sync="TRUE">10</atprecis><attscale Sync="TRUE">0</attscale></attr><attr><attrlabl Sync="TRUE">totSafeP_2</attrlabl><attalias Sync="TRUE">totSafeP_2</attalias><attrtype Sync="TRUE">Integer</attrtype><attwidth Sync="TRUE">10</attwidth><atprecis Sync="TRUE">10</atprecis><attscale Sync="TRUE">0</attscale></attr><attr><attrlabl Sync="TRUE">us_cd</attrlabl><attalias Sync="TRUE">us_cd</attalias><attrtype Sync="TRUE">Integer</attrtype><attwidth Sync="TRUE">10</attwidth><atprecis Sync="TRUE">10</atprecis><attscale Sync="TRUE">0</attscale></attr><attr><attrlabl Sync="TRUE">totCars</attrlabl><attalias Sync="TRUE">totCars</attalias><attrtype Sync="TRUE">Integer</attrtype><attwidth Sync="TRUE">10</attwidth><atprecis Sync="TRUE">10</atprecis><attscale Sync="TRUE">0</attscale></attr><attr><attrlabl Sync="TRUE">totVans</attrlabl><attalias Sync="TRUE">totVans</attalias><attrtype Sync="TRUE">Integer</attrtype><attwidth Sync="TRUE">10</attwidth><atprecis Sync="TRUE">10</atprecis><attscale Sync="TRUE">0</attscale></attr><attr><attrlabl Sync="TRUE">totCampers</attrlabl><attalias Sync="TRUE">totCampers</attalias><attrtype Sync="TRUE">Integer</attrtype><attwidth Sync="TRUE">10</attwidth><atprecis Sync="TRUE">10</atprecis><attscale Sync="TRUE">0</attscale></attr><attr><attrlabl Sync="TRUE">totTents</attrlabl><attalias Sync="TRUE">totTents</attalias><attrtype Sync="TRUE">Integer</attrtype><attwidth Sync="TRUE">10</attwidth><atprecis Sync="TRUE">10</atprecis><attscale Sync="TRUE">0</attscale></attr><attr><attrlabl Sync="TRUE">totESAdult</attrlabl><attalias Sync="TRUE">totESAdult</attalias><attrtype Sync="TRUE">Integer</attrtype><attwidth Sync="TRUE">10</attwidth><atprecis Sync="TRUE">10</atprecis><attscale Sync="TRUE">0</attscale></attr><attr><attrlabl Sync="TRUE">totESAdu_1</attrlabl><attalias Sync="TRUE">totESAdu_1</attalias><attrtype Sync="TRUE">Integer</attrtype><attwidth Sync="TRUE">10</attwidth><atprecis Sync="TRUE">10</atprecis><attscale Sync="TRUE">0</attscale></attr><attr><attrlabl Sync="TRUE">totESAdu_2</attrlabl><attalias Sync="TRUE">totESAdu_2</attalias><attrtype Sync="TRUE">Integer</attrtype><attwidth Sync="TRUE">10</attwidth><atprecis Sync="TRUE">10</atprecis><attscale Sync="TRUE">0</attscale></attr><attr><attrlabl Sync="TRUE">totESYouth</attrlabl><attalias Sync="TRUE">totESYouth</attalias><attrtype Sync="TRUE">Integer</attrtype><attwidth Sync="TRUE">10</attwidth><atprecis Sync="TRUE">10</atprecis><attscale Sync="TRUE">0</attscale></attr><attr><attrlabl Sync="TRUE">totESYou_1</attrlabl><attalias Sync="TRUE">totESYou_1</attalias><attrtype Sync="TRUE">Integer</attrtype><attwidth Sync="TRUE">10</attwidth><atprecis Sync="TRUE">10</atprecis><attscale Sync="TRUE">0</attscale></attr><attr><attrlabl Sync="TRUE">totESYou_2</attrlabl><attalias Sync="TRUE">totESYou_2</attalias><attrtype Sync="TRUE">Integer</attrtype><attwidth Sync="TRUE">10</attwidth><atprecis Sync="TRUE">10</atprecis><attscale Sync="TRUE">0</attscale></attr><attr><attrlabl Sync="TRUE">totESYou_3</attrlabl><attalias Sync="TRUE">totESYou_3</attalias><attrtype Sync="TRUE">Integer</attrtype><attwidth Sync="TRUE">10</attwidth><atprecis Sync="TRUE">10</atprecis><attscale Sync="TRUE">0</attscale></attr><attr><attrlabl Sync="TRUE">totTHAdult</attrlabl><attalias Sync="TRUE">totTHAdult</attalias><attrtype Sync="TRUE">Integer</attrtype><attwidth Sync="TRUE">10</attwidth><atprecis Sync="TRUE">10</atprecis><attscale Sync="TRUE">0</attscale></attr><attr><attrlabl Sync="TRUE">totTHAdu_1</attrlabl><attalias Sync="TRUE">totTHAdu_1</attalias><attrtype Sync="TRUE">Integer</attrtype><attwidth Sync="TRUE">10</attwidth><atprecis Sync="TRUE">10</atprecis><attscale Sync="TRUE">0</attscale></attr><attr><attrlabl Sync="TRUE">totTHAdu_2</attrlabl><attalias Sync="TRUE">totTHAdu_2</attalias><attrtype Sync="TRUE">Integer</attrtype><attwidth Sync="TRUE">10</attwidth><atprecis Sync="TRUE">10</atprecis><attscale Sync="TRUE">0</attscale></attr><attr><attrlabl Sync="TRUE">totTHYouth</attrlabl><attalias Sync="TRUE">totTHYouth</attalias><attrtype Sync="TRUE">Integer</attrtype><attwidth Sync="TRUE">10</attwidth><atprecis Sync="TRUE">10</atprecis><attscale Sync="TRUE">0</attscale></attr><attr><attrlabl Sync="TRUE">totTHYou_1</attrlabl><attalias Sync="TRUE">totTHYou_1</attalias><attrtype Sync="TRUE">Integer</attrtype><attwidth Sync="TRUE">10</attwidth><atprecis Sync="TRUE">10</atprecis><attscale Sync="TRUE">0</attscale></attr><attr><attrlabl Sync="TRUE">totTHYou_2</attrlabl><attalias Sync="TRUE">totTHYou_2</attalias><attrtype Sync="TRUE">Integer</attrtype><attwidth Sync="TRUE">10</attwidth><atprecis Sync="TRUE">10</atprecis><attscale Sync="TRUE">0</attscale></attr><attr><attrlabl Sync="TRUE">totTHYou_3</attrlabl><attalias Sync="TRUE">totTHYou_3</attalias><attrtype Sync="TRUE">Integer</attrtype><attwidth Sync="TRUE">10</attwidth><atprecis Sync="TRUE">10</atprecis><attscale Sync="TRUE">0</attscale></attr><attr><attrlabl Sync="TRUE">totSHAdult</attrlabl><attalias Sync="TRUE">totSHAdult</attalias><attrtype Sync="TRUE">Integer</attrtype><attwidth Sync="TRUE">10</attwidth><atprecis Sync="TRUE">10</atprecis><attscale Sync="TRUE">0</attscale></attr><attr><attrlabl Sync="TRUE">totSHAdu_1</attrlabl><attalias Sync="TRUE">totSHAdu_1</attalias><attrtype Sync="TRUE">Integer</attrtype><attwidth Sync="TRUE">10</attwidth><atprecis Sync="TRUE">10</atprecis><attscale Sync="TRUE">0</attscale></attr><attr><attrlabl Sync="TRUE">totSHAdu_2</attrlabl><attalias Sync="TRUE">totSHAdu_2</attalias><attrtype Sync="TRUE">Integer</attrtype><attwidth Sync="TRUE">10</attwidth><atprecis Sync="TRUE">10</atprecis><attscale Sync="TRUE">0</attscale></attr><attr><attrlabl Sync="TRUE">totSHYouth</attrlabl><attalias Sync="TRUE">totSHYouth</attalias><attrtype Sync="TRUE">Integer</attrtype><attwidth Sync="TRUE">10</attwidth><atprecis Sync="TRUE">10</atprecis><attscale Sync="TRUE">0</attscale></attr><attr><attrlabl Sync="TRUE">totSHYou_1</attrlabl><attalias Sync="TRUE">totSHYou_1</attalias><attrtype Sync="TRUE">Integer</attrtype><attwidth Sync="TRUE">10</attwidth><atprecis Sync="TRUE">10</atprecis><attscale Sync="TRUE">0</attscale></attr><attr><attrlabl Sync="TRUE">totSHYou_2</attrlabl><attalias Sync="TRUE">totSHYou_2</attalias><attrtype Sync="TRUE">Integer</attrtype><attwidth Sync="TRUE">10</attwidth><atprecis Sync="TRUE">10</atprecis><attscale Sync="TRUE">0</attscale></attr><attr><attrlabl Sync="TRUE">totSHYou_3</attrlabl><attalias Sync="TRUE">totSHYou_3</attalias><attrtype Sync="TRUE">Integer</attrtype><attwidth Sync="TRUE">10</attwidth><atprecis Sync="TRUE">10</atprecis><attscale Sync="TRUE">0</attscale></attr><attr><attrlabl Sync="TRUE">totESPeopl</attrlabl><attalias Sync="TRUE">totESPeopl</attalias><attrtype Sync="TRUE">Integer</attrtype><attwidth Sync="TRUE">10</attwidth><atprecis Sync="TRUE">10</atprecis><attscale Sync="TRUE">0</attscale></attr><attr><attrlabl Sync="TRUE">totTHPeopl</attrlabl><attalias Sync="TRUE">totTHPeopl</attalias><attrtype Sync="TRUE">Integer</attrtype><attwidth Sync="TRUE">10</attwidth><atprecis Sync="TRUE">10</atprecis><attscale Sync="TRUE">0</attscale></attr><attr><attrlabl Sync="TRUE">totSHPeopl</attrlabl><attalias Sync="TRUE">totSHPeopl</attalias><attrtype Sync="TRUE">Integer</attrtype><attwidth Sync="TRUE">10</attwidth><atprecis Sync="TRUE">10</atprecis><attscale Sync="TRUE">0</attscale></attr><attr><attrlabl Sync="TRUE">totSheltPe</attrlabl><attalias Sync="TRUE">totSheltPe</attalias><attrtype Sync="TRUE">Integer</attrtype><attwidth Sync="TRUE">10</attwidth><atprecis Sync="TRUE">10</atprecis><attscale Sync="TRUE">0</attscale></attr><attr><attrlabl Sync="TRUE">Shape_Leng</attrlabl><attalias Sync="TRUE">Shape_Leng</attalias><attrtype Sync="TRUE">Double</attrtype><attwidth Sync="TRUE">19</attwidth><atprecis Sync="TRUE">0</atprecis><attscale Sync="TRUE">0</attscale></attr><attr><attrlabl Sync="TRUE">totEncamp</attrlabl><attalias Sync="TRUE">totEncamp</attalias><attrtype Sync="TRUE">Integer</attrtype><attwidth Sync="TRUE">10</attwidth><atprecis Sync="TRUE">10</atprecis><attscale Sync="TRUE">0</attscale></attr></detailed></eainfo><mdDateSt Sync="TRUE">20250307</mdDateSt></metadata>
